URL,Product Type,Manufacturer,Name,Description,Option1 Name,Option1 Value,Weight in grams,Variant Inventory Qty,Variant Price
chic-steel-shirt,incentivize visionary infomediaries,Sawayn-Metz,Chic Steel Shirt,We need to program the haptic FTP pixel!,Color or something,Bathymetric Glass Tablet 522e816794cedffd48eadde379bcd4d1,6000,176,2170.99
chic-steel-shirt,,,,,,Aluminiferous Vinyl Laptop 866b3c2899ee47cf5d99c643e7434de4,7000,868,1221.99
chic-steel-shirt,,,,,,Actual Aluminum iPod 519115f1f63567a99eb75abdc6ebe031,6000,927,1679.99
chic-steel-shirt,,,,,,Chill Paper Picture a81e946734a60c6d87140c1565bfeecc,10000,770,2013.99
galenic-paper-camera,utilize turn-key networks,Green Group,Galenic Paper Camera,"hacking the bandwidth won't do anything, we need to bypass the wireless SSL card!",Color or something,Lettish Granite Painting 402ec0b45f89f356c92dcb2769f37d67,4000,658,1649.99
galenic-paper-camera,,,,,,Holocene Glass Paintbrush f09e07c56980a5b698c78ca7230f7957,2000,14,1820.99
galenic-paper-camera,,,,,,Bond Rubber Staples 041c7ade9b65cbdb9091bf9964af8041,4000,418,2298.99
galenic-paper-camera,,,,,,Czech Gold Plant ead975aa42ba8e3013c62a945afda84d,5000,829,2720.99
balustraded-steel-jacket,deploy B2B portals,"Schultz, Ruecker and Carroll",Balustraded Steel Jacket,"Use the open-source RSS bandwidth, then you can back up the wireless protocol!",Color or something,Arguable Plastic iPad b7e8455bdd7ddbc53aa1840748924591,5000,942,1034.99
balustraded-steel-jacket,,,,,,Bantu Canvas Socks 1b40679c7d890b00f6ae813760102ecd,1000,177,2573.99
balustraded-steel-jacket,,,,,,Orphean Paper Shoes a62c97e16c60b83102199e2b714fb79f,9000,159,1474.99
balustraded-steel-jacket,,,,,,Adagio Aluminum Shoes bbf39e7ab8960c2bc6d28565a0d1930e,8000,868,1852.99
australian-fur-staples,engage out-of-the-box content,Bechtelar-Gutkowski,Australian Fur Staples,"Try to index the XML system, maybe it will navigate the bluetooth interface!",Color or something,Aphonic Fur Phone 9d53cd4b0a8c2a341ba950b1922dfe2c,8000,713,155.99
australian-fur-staples,,,,,,Appliable Steel Paintbrush 92c893506e7a01fee03b228255aafdb5,1000,530,2939.99
australian-fur-staples,,,,,,Antimonious Canvas Paper 905370035562cce0ae4e30ecd836492c,4000,490,1208.99
australian-fur-staples,,,,,,Cathartic Paper Pants d5636ed59d68a8f3c8e4d4d660637e27,6000,251,543.99
cat-and-dog-glass-paper,syndicate leading-edge e-business,Mitchell-Bode,Cat-and-dog Glass Paper,"synthesizing the protocol won't do anything, we need to quantify the solid state EXE driver!",Color or something,Astrophysical Aluminum Paper f76362ffcf2ad059f96116be7c0f7da8,6000,382,783.99
cat-and-dog-glass-paper,,,,,,Rhemish Cotton House 9fe6ceda2404cdd8adc7bcf98772de0d,3000,125,1543.99
cat-and-dog-glass-paper,,,,,,Attained Rubber Printer 68fa22f958acec001801dfe1e0106522,7000,442,401.99
cat-and-dog-glass-paper,,,,,,Additive Canvas Bag a6847ee7a27bb4fd023fa3aca0113a6c,6000,490,200.99
ambidexter-cotton-paintbrush,integrate extensible eyeballs,Ortiz Group,Ambidexter Cotton Paintbrush,"I'll back up the wireless FTP protocol, that should hard drive the GB transmitter!",Color or something,Bulgarian Granite Modem 294a82104cfd1522c80240c791f6b811,8000,849,253.99
ambidexter-cotton-paintbrush,,,,,,Animist Fur Television fc500c78765ebb4f363af836f50cd001,8000,114,1591.99
ambidexter-cotton-paintbrush,,,,,,Thebaic Cotton Coat 607e05b58cc96cd90e0b3595367ce178,7000,844,912.99
ambidexter-cotton-paintbrush,,,,,,Blameworthy Fur Keyboard 495b536ed23e1b7fb06df564e19079b9,3000,585,2767.99
autonomic-rubber-modem,incubate rich niches,Lynch Group,Autonomic Rubber Modem,"The COM interface is down, reboot the mobile feed so we can compress the GB port!",Color or something,Acinous Aluminum Pencil dbc1d52b29eb73c4b241d5d35bc6b582,7000,423,652.99
autonomic-rubber-modem,,,,,,Carboxyl Fur Pants 0853df7fdc3871080046cb603d183ecf,5000,112,100.99
autonomic-rubber-modem,,,,,,Befouled Fur Gloves 7d0a28cd28a069a12335a585e08940bd,1000,806,664.99
autonomic-rubber-modem,,,,,,Amphitheatrical Gold Hat a52765092037b1276f2804183ae87b9e,7000,89,2125.99
antliate-pine-notebook,maximize clicks-and-mortar synergies,Morar-Corwin,Antliate Pine Notebook,"I'll synthesize the 1080p SDD port, that should array the GB pixel!",Color or something,Amplexicaul Cotton Mouse 6f91ae3155883a5f366ac78f1a944af4,7000,761,2501.99
antliate-pine-notebook,,,,,,Mauritian Cotton Sticket fa87145ff3a9a4a9a55c57577ad2514f,9000,553,1932.99
antliate-pine-notebook,,,,,,Blinding Fur Coat 3be6f773a09a3ea8433aca951905891b,1000,41,1045.99
antliate-pine-notebook,,,,,,Bloomy Aluminum Boat 77a68fe5edbb29d6dd9da6637b8a2372,6000,474,2243.99
befogged-pine-poster,envisioneer B2C infomediaries,Considine-Nikolaus,Befogged Pine Poster,"Use the multi-byte COM bus, then you can input the primary hard drive!",Color or something,Cancerous Vinyl Lamp 6d0b63de1c6f2a588833df0e3fb17aac,8000,800,1400.99
befogged-pine-poster,,,,,,Blistering Steel Picture 8cd0674dcc480a381e86bb26db3ba83a,5000,560,135.99
befogged-pine-poster,,,,,,Bedfast Silver Laptop b0b01e556c9a185d280f5373dd21ec7f,3000,560,1748.99
befogged-pine-poster,,,,,,Chanciest Paper Keyboard 6203be9494a0fdf719abf8f256ea2fee,5000,248,515.99
jewish-canvas-boat,reinvent customized portals,Lowe Group,Jewish Canvas Boat,We need to input the mobile XML card!,Color or something,Antediluvial Glass Lamp 9db9f4b583b9aed8a3bb18b2bcc16b01,5000,885,1299.99
jewish-canvas-boat,,,,,,Chaldaic Steel Pencil c423e05aa39bcab18972039cd4f4414f,4000,197,368.99
jewish-canvas-boat,,,,,,Unitarian Vinyl Microphone 4a02c6e2ab74dc9c79e4c4d57c7387fc,5000,234,2371.99
jewish-canvas-boat,,,,,,Air-to-air Canvas Lamp 079b6e68497bd9e440a3c78d699a68f6,9000,404,1158.99
amiable-silver-notebook,incentivize world-class mindshare,"Bernier, Stehr and Bernier",Amiable Silver Notebook,You can't index the driver without hacking the auxiliary SSL pixel!,Color or something,Umbrian Concrete iPhone 1efae77bfddbcd2ab3a983280c0486f7,7000,565,2913.99
amiable-silver-notebook,,,,,,Liassic Silver House c7ee046e0fc631d9fe54779761678a5b,10000,136,2022.99
amiable-silver-notebook,,,,,,Neo-Gothic Glass Pants c29575f617a656d10177889b7670f1ee,3000,861,2153.99
amiable-silver-notebook,,,,,,Barrel-vaulted Aluminum Phone a4c1b2afcf0dd3c794f34dcfb474d11f,8000,280,1978.99
cedar-gold-keyboard,evolve collaborative deliverables,"Donnelly, Swift and Hoppe",Cedar Gold Keyboard,"calculating the firewall won't do anything, we need to quantify the mobile PNG sensor!",Color or something,Alloyed Spruce Shirt a6b4e500a67ccb37316e00cc18434511,5000,48,2536.99
cedar-gold-keyboard,,,,,,Bladdery Canvas Stapler d5081e272562ee386c1493343cb3da45,3000,197,2263.99
cedar-gold-keyboard,,,,,,Belgic Wooden Printer 67858f72f1fc6eeaddde228997789f58,5000,214,2875.99
cedar-gold-keyboard,,,,,,Carunculate Fur Socks 82c24e1dae64b3a3a23e7d2ab06f9399,6000,260,2066.99
punjabi-concrete-bag,scale seamless bandwidth,Ritchie-Cassin,Punjabi Concrete Bag,"Try to reboot the RAM application, maybe it will parse the mobile system!",Color or something,Himalayan Concrete Paint ca9eab1e2f597d62216143e83acd88c2,5000,580,2169.99
punjabi-concrete-bag,,,,,,Blanched Aluminum Shirt 287513bde98d5d00ded89c0a98e8d750,5000,116,1023.99
punjabi-concrete-bag,,,,,,Brainy Vinyl Shirt 01afc832750f9f292acbf300a54278d2,2000,749,2397.99
punjabi-concrete-bag,,,,,,Barbellate Cotton Bag db8993c267be4054d6ae8bdd0fb34715,8000,282,609.99
allodial-granite-gloves,redefine global systems,Smitham Group,Allodial Granite Gloves,"The SMTP port is down, reboot the optical feed so we can program the RAM interface!",Color or something,Alexipharmic Aluminum Socks f96ec27958bc503d4990b3ebe9ec91de,5000,801,1494.99
allodial-granite-gloves,,,,,,Beseeching Paper Lamp efd1571f8a3f717ecc1412435a94fe85,1000,70,1013.99
allodial-granite-gloves,,,,,,Turkmenian Rubber Television fc1fcbaaa6c830ac9eb6d8e047257c8c,4000,131,2523.99
allodial-granite-gloves,,,,,,Neozoic Glass Shoes 3282a7dd7d4bc0dd5d996a6c5edc4bae,7000,355,733.99
v-shaped-pine-shirt,extend efficient convergence,Koss Inc,V-shaped Pine Shirt,"Try to connect the THX application, maybe it will back up the virtual interface!",Color or something,Affirmable Glass Shirt 99e4d4b6e15f17b25dd3d47282b8577d,4000,80,1366.99
v-shaped-pine-shirt,,,,,,Nasmyth Platinum Modem 223ebad7e011187e180812264375db47,1000,266,940.99
v-shaped-pine-shirt,,,,,,Brinded Steel Modem 5f282d61ca6d25b9acbc89fb3f33fec5,3000,168,1031.99
v-shaped-pine-shirt,,,,,,Biannual Paper Paintbrush 4bd84b15a41a6adf78b17b3a103419f6,1000,539,2547.99
acanthous-pine-router,exploit world-class architectures,O'Kon-Rohan,Acanthous Pine Router,"I'll input the bluetooth CSS application, that should system the FTP driver!",Color or something,Biform Spruce Jacket 7752bbbf4a0edaa8c4f5e82ee1175028,4000,731,2628.99
acanthous-pine-router,,,,,,Agentive Plastic Bag 475a1faa757fb09f04e6ede11b55d3d7,1000,353,210.99
acanthous-pine-router,,,,,,Cardboard Aluminum Paintbrush 99c1b0cbc85f6ff6e261c5f1b1bb05b0,2000,240,2767.99
acanthous-pine-router,,,,,,Aymaran Aluminum House bc438c32ddf898b7b5dc18b2cc74ed7c,10000,742,1844.99
baking-wooden-poster,drive user-centric methodologies,Greenholt-Jenkins,Baking Wooden Poster,"If we connect the interface, we can get to the SAS firewall through the mobile SMS interface!",Color or something,Begrimed Glass Staples 8288b23e775f5634864ce1bae3f2f19b,2000,72,1593.99
baking-wooden-poster,,,,,,Agleam Platinum Sandwich a68411663bd00ed0c9ff9ab035639860,6000,117,1799.99
baking-wooden-poster,,,,,,Eurasian Glass Pants 61138744793892ca60fb43da372dc287,6000,148,2068.99
baking-wooden-poster,,,,,,Punjabi Spruce Pen 63d256ff9d0aac16b346b8d7b32d35c0,4000,826,1875.99
blushing-silver-house,utilize mission-critical mindshare,Buckridge-Cole,Blushing Silver House,"The SDD matrix is down, reboot the multi-byte sensor so we can generate the RAM panel!",Color or something,Broadside Aluminum Coat 42d1a17f0058b049b222723b920746a7,3000,270,364.99
blushing-silver-house,,,,,,Caulicolous Cotton Television 6d7e9a54b309e551664fa2e56cbd494c,5000,861,2686.99
blushing-silver-house,,,,,,Quaker Canvas Router d3867d0ee3df7d0d95b403690cc9b57b,4000,200,2735.99
blushing-silver-house,,,,,,Cirrose Aluminum House aa4e2ba0e300af13484cf1aa51eceea0,4000,920,685.99
afoul-cotton-mouse,leverage holistic channels,"Murazik, Beier and Runte",Afoul Cotton Mouse,"I'll calculate the virtual XSS port, that should hard drive the AI firewall!",Color or something,Airtight Granite Coat 124e2786b0488698987d1b51a4418518,6000,363,2582.99
afoul-cotton-mouse,,,,,,Portuguese Granite Poster cf3ab14fb56f4c38d01011c1ec7663a2,4000,264,240.99
afoul-cotton-mouse,,,,,,Apogeotropic Pine Wire 31eb99a8032d0eee1b2625dcd5f1795f,1000,821,1639.99
afoul-cotton-mouse,,,,,,Antiguan Fur Bag 5e528466d07a351f05f8d13e9f9a6f4a,1000,958,1881.99
cantankerous-granite-paper,deliver global networks,"Kassulke, Bergnaum and Torphy",Cantankerous Granite Paper,"Try to compress the FTP pixel, maybe it will synthesize the neural protocol!",Color or something,Carunculate Canvas Router 35ce0d332eea0bd435826b94057a511b,2000,159,1889.99
cantankerous-granite-paper,,,,,,Blowzier Pine Boat 220202e5ed142b504f541021882ee2b6,5000,90,2713.99
cantankerous-granite-paper,,,,,,Abdicable Fur Sandwich c639e18d8110fecff41541a31a921fe7,4000,727,423.99
cantankerous-granite-paper,,,,,,Joyce Silver Sandwich c4c5607e405e6d4df8038655af14c78b,3000,402,2194.99
bipinnate-canvas-microphone,revolutionize wireless applications,"Gleason, Kris and Streich",Bipinnate Canvas Microphone,"The IB sensor is down, parse the virtual program so we can navigate the SSL monitor!",Color or something,Botryose Plastic Plant 46012c4853e9034887137518ec6efce1,7000,816,2416.99
bipinnate-canvas-microphone,,,,,,Pindaric Plastic Picture 47bd9d135f7546d99be9e163acd6f26b,3000,601,2537.99
bipinnate-canvas-microphone,,,,,,Arborescent Rubber Laptop 47918462c779d9b0e78051d6fde0bc7a,7000,62,1568.99
bipinnate-canvas-microphone,,,,,,Pestalozzian Pine Coat 722d134e66d132db76fec605f95fa508,1000,338,27.99
cagiest-fur-house,leverage bleeding-edge ROI,Boyle Group,Cagiest Fur House,We need to compress the multi-byte TCP firewall!,Color or something,Mariolatrous Plastic Car 86cef7cb736000a3f720c9bf1ab04195,5000,993,641.99
cagiest-fur-house,,,,,,Branchlike Pine Gloves 440e10b591cd2920e36471d9cf1c57ef,8000,62,2398.99
cagiest-fur-house,,,,,,Beached Canvas Paintbrush facc388e51630fad36e38c4c06dd07ec,8000,831,882.99
cagiest-fur-house,,,,,,Cervical Glass iPad 8d30f6cc12bc091f652b8012c73194e7,3000,568,654.99
assessorial-fur-hat,maximize efficient platforms,"Huel, Schmidt and Treutel",Assessorial Fur Hat,We need to generate the back-end ADP pixel!,Color or something,Anisotropic Canvas Staples db52e9822943e9b1818cfef5027553ba,1000,908,680.99
assessorial-fur-hat,,,,,,Devonian Canvas House 00a41fed88ee3c716c49b98d3a565e8c,1000,459,2746.99
assessorial-fur-hat,,,,,,Armless Wooden Printer d07764687e5e04ef91318b6364616576,1000,123,2406.99
assessorial-fur-hat,,,,,,Afferent Glass Hat f245ce658ed8e5149e74a67f57c0d3f1,3000,778,2154.99
anamorphic-granite-painting,generate sticky e-commerce,Shields Inc,Anamorphic Granite Painting,"indexing the feed won't do anything, we need to back up the 1080p HDD monitor!",Color or something,Bungaloid Canvas Car 7aa0624dbcc38a8690c675bb45d05a9b,10000,31,2079.99
anamorphic-granite-painting,,,,,,Berberidaceous Gold Poster c390ed7814803a3f1ed3d62451115243,3000,230,1467.99
anamorphic-granite-painting,,,,,,Argentiferous Glass Plant 5dddbf54cdeef22ac5ebf2b7a0c180a9,6000,898,879.99
anamorphic-granite-painting,,,,,,Chattier Rubber Pen c262131bb3a40c510b01f5b347443a3b,9000,339,2367.99
cirsoid-spruce-laptop,synergize open-source e-business,Robel-Abernathy,Cirsoid Spruce Laptop,"Try to override the SCSI microchip, maybe it will compress the online port!",Color or something,Spencerian Cotton Pencil af9156c0984ffdd1e118883fb6b6c150,4000,388,2793.99
cirsoid-spruce-laptop,,,,,,Monaco Rubber Coat 9fe363a347b9027d71cfc4325f77dd09,8000,446,1028.99
cirsoid-spruce-laptop,,,,,,Analeptic Gold Hat e44564742d987b1d1a6fbf8ddf519de4,7000,693,1912.99
cirsoid-spruce-laptop,,,,,,Backboneless Granite Plant 6ff0b5114f68c333e62cb739356ee43f,5000,977,149.99
antitrade-granite-modem,architect collaborative e-services,Champlin and Sons,Antitrade Granite Modem,"If we quantify the interface, we can get to the JSON panel through the open-source RSS driver!",Color or something,Aftmost Granite Wire c6de21d620295946eafdc59a3a1ecf1c,2000,524,1745.99
antitrade-granite-modem,,,,,,Cast Spruce Wire c4a9e9b8156af6ec86e7d45ff1a2c9ec,6000,45,2667.99
antitrade-granite-modem,,,,,,Nilotic Aluminum Printer f31b12118461453b98f1b2c539235ec7,5000,867,374.99
antitrade-granite-modem,,,,,,Bragging Granite iPhone ee32d1961bc3b3a2f7d8873265350742,6000,91,2890.99
characterized-concrete-laptop,seize killer markets,Conroy LLC,Characterized Concrete Laptop,"If we generate the matrix, we can get to the SAS hard drive through the multi-byte HDD bus!",Color or something,Adoring Rubber Lamp 7f172bba210d3a849fedd5789befca76,6000,466,547.99
characterized-concrete-laptop,,,,,,Cannier Concrete Laptop 5059652e8cd255ceaa98ed97ee8be45b,4000,906,633.99
characterized-concrete-laptop,,,,,,Armored Pine Computer e19b5f70089581efea6428140357cf46,3000,347,1954.99
characterized-concrete-laptop,,,,,,Alphabetic Gold Notebook e6ce7a3f4ac541f066d49934ef33b62e,4000,383,1594.99
black-hearted-plastic-phone,generate out-of-the-box applications,"Rice, Daugherty and Moore",Black-hearted Plastic Phone,"The AI matrix is down, index the back-end sensor so we can compress the PNG matrix!",Color or something,Allelomorphic Granite iPod 16adcfcd9ecba528deb26a1404025045,2000,816,1125.99
black-hearted-plastic-phone,,,,,,Blurred Pine Poster 4bbe84f55384ed138da7adf74ce8f4d4,8000,387,492.99
black-hearted-plastic-phone,,,,,,Biogenetic Aluminum iPad ab6e941546bfce3ab4464ce2bca15e50,2000,326,2660.99
black-hearted-plastic-phone,,,,,,Awed Pine Router a2c25b3b796c987bf63927343d62546e,9000,53,2625.99
clean-living-granite-shoes,optimize distributed interfaces,Mertz-Sauer,Clean-living Granite Shoes,"If we override the application, we can get to the PCI interface through the solid state HDD microchip!",Color or something,Clayish Canvas Lamp 5085161fcf5b0c6804371f98ad6c5d77,6000,856,1286.99
clean-living-granite-shoes,,,,,,Bucktooth Fur Picture d04c9f36e6c7e1b45b33ff9a7d61c21d,1000,938,903.99
clean-living-granite-shoes,,,,,,Bicephalous Paper Sandwich 417426c1c36f535fb0ee89b9db994ec7,10000,589,1146.99
clean-living-granite-shoes,,,,,,Savoyard Gold Laptop da850f6357bed4c5ee5af119d100ba2d,7000,665,1627.99
brimstony-pine-hat,optimize B2C content,"Wilkinson, Auer and Borer",Brimstony Pine Hat,"Use the neural HTTP hard drive, then you can program the digital sensor!",Color or something,Cinchonic Cotton Camera b384a428e3056150116bb689e271fcf3,7000,596,2767.99
brimstony-pine-hat,,,,,,Cinchonic Gold Wire 047ee5c5d4db9b107e09216523028750,9000,400,1521.99
brimstony-pine-hat,,,,,,Autogamic Platinum Mouse f91e56fc8a930f3314b0835a8da30a47,7000,4,2226.99
brimstony-pine-hat,,,,,,Blissless Fur House 0b75be2cfb0bdcf51fb43093d428cabb,10000,983,2868.99
amberous-canvas-stapler,iterate magnetic platforms,Fisher LLC,Amberous Canvas Stapler,"The AGP application is down, index the cross-platform bandwidth so we can quantify the ADP protocol!",Color or something,Burlier Cotton Pencil de41f143b39736b273b672bf8d4a8ae4,5000,822,417.99
amberous-canvas-stapler,,,,,,Baseless Pine iPod 7ed072829019ba93f512f0c113a3183f,10000,31,351.99
amberous-canvas-stapler,,,,,,Accusatory Cotton Staples 0e08b9ecc57964f3497e104b60feafe1,9000,586,79.99
amberous-canvas-stapler,,,,,,Eddic Plastic Gloves 3857e159f287380a6f1900e13136dd38,1000,898,2486.99
circumspective-granite-table,generate revolutionary mindshare,Streich-Wunsch,Circumspective Granite Table,"The EXE matrix is down, parse the wireless firewall so we can generate the THX system!",Color or something,Grecian Fur House 1c650a89a1559fa99b163a4bf60b7e5b,6000,431,1408.99
circumspective-granite-table,,,,,,Caespitose Silver Shirt 35b7be737e00cbbdc16b888bd61f2d47,4000,882,1837.99
circumspective-granite-table,,,,,,Alexic Gold Plant dc00cebfebda2aab3c3b0f2de8345e23,9000,622,1384.99
circumspective-granite-table,,,,,,Numidia Rubber Pen ff58f73600653e2392ad3e6953405a8f,7000,879,102.99
christianly-paper-iphone,redefine sexy e-commerce,Miller-Mann,Christianly Paper iPhone,We need to program the mobile RSS microchip!,Color or something,Antennary Cotton Modem a0f2b755d012e256a0d830aeb603f375,9000,124,807.99
christianly-paper-iphone,,,,,,Illyrian Concrete Hat 1ea129e7b7ba58b25dfea04e40b3f8e2,3000,17,2204.99
christianly-paper-iphone,,,,,,Amygdalaceous Concrete Pants 37899dda7577e891793012a778f7ba4d,4000,532,1156.99
christianly-paper-iphone,,,,,,Trotskyite Plastic Boat 6de00000884fe1234e6cf3ef0603b531,3000,304,1204.99
chymous-glass-ipod,iterate killer mindshare,"Kunde, Blick and Walter",Chymous Glass iPod,"Use the cross-platform AGP card, then you can navigate the virtual program!",Color or something,Guelfic Spruce Wire 977d33ed015f3edb534d4341ff00d9a3,10000,445,717.99
chymous-glass-ipod,,,,,,Asphyxial Aluminum Lamp 7de1666c7ae5cf9a91f5003ede7eee42,7000,327,100.99
chymous-glass-ipod,,,,,,Marcan Aluminum Camera c5f7b99a788e15e6f1bc962c67e385fe,7000,353,1018.99
chymous-glass-ipod,,,,,,Moresque Aluminum Television 650151e1965bca51f09e219abf1fd2d4,3000,88,2072.99
choleraic-glass-staples,recontextualize bleeding-edge content,Gislason-Stokes,Choleraic Glass Staples,"Try to parse the SAS driver, maybe it will navigate the mobile card!",Color or something,Authentical Granite Pen 6021cd6e8bf433def67d893cd03685c3,2000,759,1069.99
choleraic-glass-staples,,,,,,Pentelican Vinyl Printer 4683a1aa35c60f76c813f0d0bd4ebeb9,3000,37,2095.99
choleraic-glass-staples,,,,,,Maglemosian Wooden iPad 8c1d20519ca8c67fbe5255835565d834,6000,86,377.99
choleraic-glass-staples,,,,,,Aflutter Platinum Paintbrush 20831a2c1866c4ebde92e63d4618ae58,5000,283,965.99
turanian-paper-computer,transform out-of-the-box e-services,Hickle-Senger,Turanian Paper Computer,"copying the firewall won't do anything, we need to input the virtual JSON alarm!",Color or something,Cantharidian Paper Socks 4df07a20159d1a993cf44e9ae8ebb973,3000,597,1831.99
turanian-paper-computer,,,,,,Sabaean Rubber Microphone c6a12ae8b0aee5acf45c42e69fc8f4ce,8000,270,1259.99
turanian-paper-computer,,,,,,Ashiest Granite Tablet 4869943b323f88740b8e3bc174ec7911,1000,349,719.99
turanian-paper-computer,,,,,,Rabelaisian Rubber Keyboard 17953086b1f84dc10e832e722100bb07,2000,710,1202.99
blockish-platinum-wire,exploit intuitive eyeballs,Frami-Towne,Blockish Platinum Wire,We need to bypass the virtual GB protocol!,Color or something,Canaliculated Gold Table 52d2f0f145febee980aec8b0c4b100a8,2000,397,2357.99
blockish-platinum-wire,,,,,,Autogamic Canvas Table 636efd763f3672929feb71e46439279f,2000,25,2644.99
blockish-platinum-wire,,,,,,Tartarian Steel Hat 4fd867838122c8709514c4a23568fe62,4000,329,326.99
blockish-platinum-wire,,,,,,Proustian Vinyl Staples 51ceba1384f8074dd683b2778b4f4078,5000,963,2220.99
burgundian-paper-sticket,reintermediate transparent web services,"Parisian, Kunze and Hettinger",Burgundian Paper Sticket,"I'll copy the online USB panel, that should pixel the COM transmitter!",Color or something,Hamitic Concrete Tablet 7d2b7d7ffb99b8a57429984d92cf2b31,7000,467,2518.99
burgundian-paper-sticket,,,,,,Chordal Paper iPad f9ab91dd40823c262679f148aff7da64,2000,48,1557.99
burgundian-paper-sticket,,,,,,Tuscan Wooden Sandwich 41a752c1acdc5a5b41987091927ae655,1000,143,102.99
burgundian-paper-sticket,,,,,,Adventurous Platinum Sandwich 06ef9c41089acaca3564436640699beb,2000,38,608.99
anhedonic-glass-television,e-enable out-of-the-box relationships,Monahan Group,Anhedonic Glass Television,You can't quantify the capacitor without transmitting the solid state ADP bandwidth!,Color or something,Calico Canvas Modem 40d371cd371a902d98858ec7fbbc0e4d,9000,888,963.99
anhedonic-glass-television,,,,,,Jebusitic Concrete House 00864ce1104ca7b37265c5af43c4b8a7,4000,980,1222.99
anhedonic-glass-television,,,,,,Auld Rubber Shirt dc3244a339f1e00f6bc84212b8dd6b40,8000,390,2035.99
anhedonic-glass-television,,,,,,Chrematistic Paper Printer 5da5e154ae8fb90715e8e31beb2e01e0,2000,892,1304.99
bored-canvas-hat,incubate integrated infomediaries,Hintz-Koss,Bored Canvas Hat,You can't input the application without programming the online PCI protocol!,Color or something,Caesalpiniaceous Glass Keyboard e2c145cc9d74d9af017e646420c74fe2,6000,192,1067.99
bored-canvas-hat,,,,,,Cardboard Wooden iPhone 1876ac5f13075550fdd41ff528a2f6cc,3000,366,482.99
bored-canvas-hat,,,,,,Cleanable Wooden House bd44a7c18546ce0bd6753a798ff3f2c1,10000,417,2060.99
bored-canvas-hat,,,,,,Beneficed Canvas Pencil e978c8a2d4446e986e4fc27b099a357f,6000,225,832.99
brunette-glass-ipod,deploy plug-and-play content,"Fahey, Mraz and McLaughlin",Brunette Glass iPod,"Try to copy the PCI application, maybe it will copy the 1080p pixel!",Color or something,Bountiful Spruce Mouse f0b94c08d3c34ceed8fe8370c16e7795,4000,629,504.99
brunette-glass-ipod,,,,,,Affricative Spruce Car 40c17953c0984871182ee8d46ca4a46d,3000,394,1611.99
brunette-glass-ipod,,,,,,Animating Plastic Shirt 24f1ea181a6eac292d813e8aef1e7ce5,5000,118,127.99
brunette-glass-ipod,,,,,,Anglican Cotton Gloves 78b893ca36a06e647045036736f8af87,3000,364,2751.99
clathrate-plastic-notebook,enhance user-centric methodologies,"Sauer, McLaughlin and Hane",Clathrate Plastic Notebook,"Use the multi-byte COM hard drive, then you can program the solid state capacitor!",Color or something,Visigothic Platinum Car 08daca169d6895b67ae9622be66bdb80,8000,587,410.99
clathrate-plastic-notebook,,,,,,Agelong Glass Jacket 3ed154876b22e4c3cf4cc130c243013e,4000,534,1007.99
clathrate-plastic-notebook,,,,,,Cimmerian Rubber Shoes be134ddd12b0f0f74c92b7b8f038fbbd,8000,122,2190.99
clathrate-plastic-notebook,,,,,,Choragic Vinyl Computer e186ffc5a6db8c534058b49d847285b4,1000,501,667.99
accoutered-granite-socks,synergize B2C communities,Hodkiewicz and Sons,Accoutered Granite Socks,"connecting the alarm won't do anything, we need to back up the virtual SQL interface!",Color or something,Baseless Fur Printer ceddba2e0d79a9b92875191a21034b60,4000,829,2776.99
accoutered-granite-socks,,,,,,Alpha Platinum Microphone eb01e6c422dc397ab42fa2f157914c12,8000,870,1693.99
accoutered-granite-socks,,,,,,Apopemptic Steel Shoes e65c4e058d0241f17440b65c70c6bfb8,8000,327,1053.99
accoutered-granite-socks,,,,,,Albanian Fur Phone 12f6f45080ceed2feca7700eebe10237,5000,316,1029.99
challenging-canvas-modem,target cross-media e-markets,"Konopelski, Carroll and Lynch",Challenging Canvas Modem,"generating the hard drive won't do anything, we need to hack the open-source SMS alarm!",Color or something,Heraclidan Granite iPod bbfae2805f5889ee5e80ae7b168bd383,4000,217,1306.99
challenging-canvas-modem,,,,,,Bicorn Silver Microphone 093b4d578c7b1d552551cb47e70c63be,9000,59,520.99
challenging-canvas-modem,,,,,,Russ Pine Television bed34c10f9074a5b78da1fc31391f459,1000,991,1085.99
challenging-canvas-modem,,,,,,Latvian Concrete House 0641205cd7193c6cae41c139f4b3c32f,6000,296,1422.99
accipitrine-plastic-television,visualize innovative relationships,"Durgan, Beahan and West",Accipitrine Plastic Television,"parsing the bus won't do anything, we need to reboot the auxiliary RSS monitor!",Color or something,Available Spruce Poster 61434b9b12bd60f1a10d353f30b83bea,10000,265,1281.99
accipitrine-plastic-television,,,,,,Alabastrine Cotton Laptop 61d912ea1162f8628dad23f8eb8416d7,8000,357,2889.99
accipitrine-plastic-television,,,,,,Beamless Canvas Router 702438267ce83a690b8887debd15b1da,3000,631,2464.99
accipitrine-plastic-television,,,,,,Calcicolous Steel iPod cc99ab912cc2c9593368d7e6074cccb6,2000,509,2959.99
cindery-wooden-poster,redefine user-centric solutions,"Anderson, Streich and Hermiston",Cindery Wooden Poster,"indexing the bus won't do anything, we need to parse the online IB protocol!",Color or something,Annihilating Wooden Plant b574171102c441aad011ce50e8c4b0e5,5000,345,902.99
cindery-wooden-poster,,,,,,Adnominal Granite Table d917cbd7e9d2aa3ea49a48db569646bf,5000,768,138.99
cindery-wooden-poster,,,,,,Catchweight Steel iPad c91448521e9a099d09e0c811f67bb1d1,4000,865,2259.99
cindery-wooden-poster,,,,,,Acanthine Aluminum iPhone c577dbf0970cf3c5f6fda8709156cdb1,4000,866,1582.99
acknowledged-granite-ipod,exploit world-class deliverables,Stanton LLC,Acknowledged Granite iPod,"The EXE hard drive is down, reboot the cross-platform protocol so we can generate the AI pixel!",Color or something,Binary Gold Car e571e066caf9b929dad6bd1547c2afb1,4000,515,1011.99
acknowledged-granite-ipod,,,,,,Adaptive Concrete Gloves b5450595e41e873faf03464105bf6f74,3000,923,1964.99
acknowledged-granite-ipod,,,,,,Hindu Rubber Staples 1a2492d3ad2bf9a9415a1f6f07773a28,7000,338,1911.99
acknowledged-granite-ipod,,,,,,Congolese Gold Paint f9c066b3785eb173883ff56b3dac612e,1000,23,842.99
brilliant-vinyl-jacket,orchestrate magnetic solutions,Leannon and Sons,Brilliant Vinyl Jacket,"If we input the monitor, we can get to the ADP application through the 1080p RAM monitor!",Color or something,Chilling Silver iPod 4a43dd489cd58da38f90bb4168d35982,10000,342,2641.99
brilliant-vinyl-jacket,,,,,,Altricial Platinum Pants 1bbe06bda7160384284e7f6d5af1bbf3,6000,32,569.99
brilliant-vinyl-jacket,,,,,,Blowziest Concrete Hat 500aa750f4b9552442a7055e9b1121ea,3000,308,613.99
brilliant-vinyl-jacket,,,,,,Bereaved Concrete Jacket f41089fce2c70cd1b8c4797904611ce4,1000,988,2774.99
micawberish-gold-coat,orchestrate efficient functionalities,"Bauch, Hagenes and Boyle",Micawberish Gold Coat,"hacking the alarm won't do anything, we need to compress the mobile HTTP matrix!",Color or something,Achievable Vinyl Router 36b5a447fcab6b06acbc58dadf033308,6000,430,2015.99
micawberish-gold-coat,,,,,,Bearable Platinum Microphone ca2c152c3fc029c75651d7161189a2e5,6000,25,2158.99
micawberish-gold-coat,,,,,,Malay Steel Picture 538da87fdfc7145ad3754d80796f92fa,6000,685,1422.99
micawberish-gold-coat,,,,,,Chasseur Silver Pen a85dcde9d8066e2a38dc5b2a53150ea9,3000,743,2312.99
bonnier-steel-keyboard,aggregate dynamic networks,"Braun, Huel and Kuhn",Bonnier Steel Keyboard,We need to reboot the 1080p GB circuit!,Color or something,Abstinent Concrete Paper 3a683a1e0bd6eed776c925bdf662e964,9000,616,2441.99
bonnier-steel-keyboard,,,,,,Cervid Vinyl Hat 04c9e982fc8852e07c132d777f09ce9b,8000,416,244.99
bonnier-steel-keyboard,,,,,,Astonishing Plastic Modem 3553e8bf3bec4ac48918b0deb9374d7c,7000,520,613.99
bonnier-steel-keyboard,,,,,,Architectonic Plastic Wire f4e76d63c50629db9884b8ebf1f2f996,5000,214,2616.99